,Média,Desvio Padrão,Limite inferior,Limite Superior
zeroR,0.3993464052287583,0.024707265583576204,0.3905051862508785,0.4081876242066381
oneR,0.6253812636165578,0.08067984081122671,0.5965108838774619,0.6542516433556537
naiveBayes,0.9757080610021786,0.03760947475389108,0.9622499306065905,0.9891661913977666
random,0.3273420479302833,0.12515126289548767,0.28255806660000077,0.37212602926056587
stratifiedRandom,0.34488017429193896,0.12033877087962544,0.30181828946794964,0.3879420591159283
