,Média,Desvio Padrão,Limite inferior,Limite Superior
zeroR,0.3333333333333334,1.1102230246251565e-16,0.33333333333333337,0.3333333333333335
oneR,0.9288888888888889,0.06425258797689314,0.9058968180635032,0.9518809597142746
naiveBayes,0.9555555555555556,0.046613726585340055,0.938875354230891,0.9722357568802202
random,0.3422222222222223,0.11512741197323219,0.3010251639654584,0.3834192804789862
stratifiedRandom,0.31555555555555553,0.11792443699041422,0.27335761314267715,0.3577534979684339
