,Média,Desvio Padrão,Limite inferior,Limite Superior
decisionTree,0.8549503414028552,0.026834522112063674,0.8453479074403846,0.8645527753653258
randomForest,0.9740244154769296,0.010021193072904954,0.9704384434851095,0.9776103874687497
knnDistance,0.9760749017173599,0.010847628330302976,0.9721931991010002,0.9799566043337196
knn,0.9779277881233189,0.01010952939218757,0.9743102059664712,0.9815453702801666
kMeansCentroids,0.9501003517483964,0.015514310850585945,0.9445487289248612,0.9556519745719315
kGA,0.9054003724394786,0.025731679240164545,0.8961925784785765,0.9146081664003807
