,Média,Desvio Padrão,Limite inferior,Limite Superior
decisionTree,0.948888888888889,0.05072316538005923,0.9307381707991292,0.9670396069786488
randomForest,0.9555555555555556,0.04331908597692872,0.9400543045673354,0.9710568065437758
knnDistance,0.9511111111111112,0.0484831649539365,0.9337619521502201,0.9684602700720024
knn,0.9444444444444444,0.054659439449994844,0.9248851746518858,0.964003714237003
kMeansCentroids,0.951111111111111,0.05691665988829198,0.9307441202006964,0.9714781020215256
kGA,0.8866666666666667,0.08969082698049141,0.8545718061909379,0.9187615271423956
