,Média,Desvio Padrão,Limite inferior,Limite Superior
decisionTree,0.9049019607843136,0.08006358096819753,0.8762521027456489,0.9335518188229783
randomForest,0.9850762527233116,0.02861027694546173,0.9748383847311224,0.9953141207155007
knnDistance,0.9588235294117646,0.03514249688567339,0.9462481794870756,0.9713988793364536
knn,0.9564270152505444,0.054932643499446494,0.936769982440922,0.9760840480601668
kMeansCentroids,0.9720043572984749,0.034581724807205644,0.9596296733975368,0.984379041199413
kGA,0.9680827886710239,0.03451990482882819,0.9557302263587413,0.9804353509833066
