,decisionTree,randomForest,knnDistance,knn,kMeansCentroids,kGA
0,1.0,1.0,1.0,1.0,1.0,0.8666666666666667
1,1.0,0.9333333333333333,0.8666666666666667,0.9333333333333333,0.9333333333333333,0.8666666666666667
2,0.9333333333333333,0.8666666666666667,1.0,0.9333333333333333,0.9333333333333333,0.9333333333333333
3,0.9333333333333333,1.0,1.0,0.9333333333333333,1.0,1.0
4,1.0,1.0,0.9333333333333333,0.9333333333333333,0.8,0.9333333333333333
5,1.0,1.0,1.0,1.0,1.0,0.8
6,0.8666666666666667,1.0,1.0,0.9333333333333333,0.9333333333333333,0.9333333333333333
7,0.9333333333333333,0.9333333333333333,0.8666666666666667,0.9333333333333333,1.0,0.6666666666666666
8,0.8666666666666667,0.9333333333333333,0.9333333333333333,0.8666666666666667,0.8,0.9333333333333333
9,1.0,0.9333333333333333,0.9333333333333333,0.9333333333333333,1.0,0.8666666666666667
10,0.8666666666666667,0.9333333333333333,1.0,0.9333333333333333,0.9333333333333333,0.8666666666666667
11,1.0,0.8666666666666667,1.0,1.0,0.9333333333333333,0.8
12,0.9333333333333333,0.9333333333333333,0.9333333333333333,0.9333333333333333,1.0,0.9333333333333333
13,1.0,0.9333333333333333,1.0,1.0,0.8666666666666667,1.0
14,0.9333333333333333,0.9333333333333333,0.9333333333333333,0.8,1.0,0.9333333333333333
15,0.9333333333333333,1.0,1.0,1.0,1.0,0.9333333333333333
16,1.0,1.0,1.0,0.8666666666666667,1.0,0.7333333333333333
17,0.8666666666666667,1.0,0.9333333333333333,1.0,0.8666666666666667,0.8
18,0.9333333333333333,1.0,0.9333333333333333,1.0,1.0,1.0
19,1.0,1.0,0.8666666666666667,0.9333333333333333,0.9333333333333333,0.8666666666666667
20,1.0,0.9333333333333333,1.0,0.9333333333333333,1.0,0.8666666666666667
21,0.8666666666666667,1.0,0.9333333333333333,0.8,1.0,0.6666666666666666
22,1.0,0.9333333333333333,1.0,0.9333333333333333,0.9333333333333333,1.0
23,0.9333333333333333,0.9333333333333333,0.9333333333333333,0.9333333333333333,0.9333333333333333,0.9333333333333333
24,0.9333333333333333,0.9333333333333333,1.0,1.0,0.9333333333333333,1.0
25,0.9333333333333333,1.0,0.9333333333333333,0.9333333333333333,0.9333333333333333,0.9333333333333333
26,1.0,0.9333333333333333,0.8666666666666667,1.0,1.0,0.9333333333333333
27,1.0,0.8666666666666667,0.8666666666666667,1.0,0.9333333333333333,0.8
28,0.8666666666666667,1.0,0.9333333333333333,0.9333333333333333,0.9333333333333333,0.8666666666666667
29,0.9333333333333333,0.9333333333333333,0.9333333333333333,1.0,1.0,0.9333333333333333
